model,quant,mode,seq_len,latency_ms,block_mb,n_blocks
google/gemma-3-270m,bf16,resident,128,1.563,10.6,18
google/gemma-3-270m,bf16,resident,256,1.935,10.6,18
google/gemma-3-270m,bf16,resident,512,2.789,10.6,18
google/gemma-3-270m,bf16,resident,1024,4.796,10.6,18
google/gemma-3-270m,bf16,resident,2048,10.272,10.6,18
google/gemma-3-270m,bf16,resident,4096,23.343,10.6,18
google/gemma-3-270m,bf16,resident,8192,51.909,10.6,18
google/gemma-3-270m,bf16,resident,16384,124.647,10.6,18
google/gemma-3-270m,bf16,resident,32768,283.719,10.6,18
google/gemma-3-270m,bf16,ssd,128,72.788,10.6,18
google/gemma-3-270m,bf16,ssd,256,73.502,10.6,18
google/gemma-3-270m,bf16,ssd,512,74.481,10.6,18
google/gemma-3-270m,bf16,ssd,1024,78.282,10.6,18
google/gemma-3-270m,bf16,ssd,2048,75.785,10.6,18
google/gemma-3-270m,bf16,ssd,4096,81.885,10.6,18
google/gemma-3-270m,bf16,ssd,8192,91.071,10.6,18
google/gemma-3-270m,bf16,ssd,16384,133.59,10.6,18
google/gemma-3-270m,bf16,ssd,32768,294.382,10.6,18
google/gemma-3-270m,nvfp4,resident,128,1.244,3.0,18
google/gemma-3-270m,nvfp4,resident,256,1.579,3.0,18
google/gemma-3-270m,nvfp4,resident,512,2.631,3.0,18
google/gemma-3-270m,nvfp4,resident,1024,3.71,3.0,18
google/gemma-3-270m,nvfp4,resident,2048,7.915,3.0,18
google/gemma-3-270m,nvfp4,resident,4096,18.771,3.0,18
google/gemma-3-270m,nvfp4,resident,8192,41.854,3.0,18
google/gemma-3-270m,nvfp4,resident,16384,101.343,3.0,18
google/gemma-3-270m,nvfp4,resident,32768,245.394,3.0,18
google/gemma-3-270m,nvfp4,ssd,128,47.091,3.0,18
google/gemma-3-270m,nvfp4,ssd,256,45.534,3.0,18
google/gemma-3-270m,nvfp4,ssd,512,44.572,3.0,18
google/gemma-3-270m,nvfp4,ssd,1024,45.978,3.0,18
google/gemma-3-270m,nvfp4,ssd,2048,49.532,3.0,18
google/gemma-3-270m,nvfp4,ssd,4096,52.676,3.0,18
google/gemma-3-270m,nvfp4,ssd,8192,55.793,3.0,18
google/gemma-3-270m,nvfp4,ssd,16384,107.123,3.0,18
google/gemma-3-270m,nvfp4,ssd,32768,253.495,3.0,18
google/gemma-3-1b-it,bf16,resident,128,8.49,51.2,26
google/gemma-3-1b-it,bf16,resident,256,10.371,51.2,26
google/gemma-3-1b-it,bf16,resident,512,13.67,51.2,26
google/gemma-3-1b-it,bf16,resident,1024,23.469,51.2,26
google/gemma-3-1b-it,bf16,resident,2048,52.158,51.2,26
google/gemma-3-1b-it,bf16,resident,4096,107.951,51.2,26
google/gemma-3-1b-it,bf16,resident,8192,213.402,51.2,26
google/gemma-3-1b-it,bf16,resident,16384,467.081,51.2,26
google/gemma-3-1b-it,bf16,resident,32768,987.527,51.2,26
google/gemma-3-1b-it,bf16,ssd,128,315.52,51.2,26
google/gemma-3-1b-it,bf16,ssd,256,320.281,51.2,26
google/gemma-3-1b-it,bf16,ssd,512,322.36,51.2,26
google/gemma-3-1b-it,bf16,ssd,1024,322.625,51.2,26
google/gemma-3-1b-it,bf16,ssd,2048,299.754,51.2,26
google/gemma-3-1b-it,bf16,ssd,4096,337.041,51.2,26
google/gemma-3-1b-it,bf16,ssd,8192,351.879,51.2,26
google/gemma-3-1b-it,bf16,ssd,16384,524.583,51.2,26
google/gemma-3-1b-it,bf16,ssd,32768,1061.262,51.2,26
google/gemma-3-1b-it,nvfp4,resident,128,3.99,14.4,26
google/gemma-3-1b-it,nvfp4,resident,256,4.749,14.4,26
google/gemma-3-1b-it,nvfp4,resident,512,8.027,14.4,26
google/gemma-3-1b-it,nvfp4,resident,1024,14.995,14.4,26
google/gemma-3-1b-it,nvfp4,resident,2048,32.157,14.4,26
google/gemma-3-1b-it,nvfp4,resident,4096,63.638,14.4,26
google/gemma-3-1b-it,nvfp4,resident,8192,135.586,14.4,26
google/gemma-3-1b-it,nvfp4,resident,16384,331.985,14.4,26
google/gemma-3-1b-it,nvfp4,resident,32768,687.356,14.4,26
google/gemma-3-1b-it,nvfp4,ssd,128,126.125,14.4,26
google/gemma-3-1b-it,nvfp4,ssd,256,130.204,14.4,26
google/gemma-3-1b-it,nvfp4,ssd,512,126.399,14.4,26
google/gemma-3-1b-it,nvfp4,ssd,1024,131.126,14.4,26
google/gemma-3-1b-it,nvfp4,ssd,2048,130.513,14.4,26
google/gemma-3-1b-it,nvfp4,ssd,4096,139.306,14.4,26
google/gemma-3-1b-it,nvfp4,ssd,8192,172.688,14.4,26
google/gemma-3-1b-it,nvfp4,ssd,16384,346.981,14.4,26
google/gemma-3-1b-it,nvfp4,ssd,32768,724.762,14.4,26
google/gemma-3-4b-it,bf16,resident,128,34.486,180.0,34
google/gemma-3-4b-it,bf16,resident,256,37.872,180.0,34
google/gemma-3-4b-it,bf16,resident,512,50.895,180.0,34
google/gemma-3-4b-it,bf16,resident,1024,90.648,180.0,34
google/gemma-3-4b-it,bf16,resident,2048,189.754,180.0,34
google/gemma-3-4b-it,bf16,resident,4096,388.741,180.0,34
google/gemma-3-4b-it,bf16,resident,8192,780.934,180.0,34
google/gemma-3-4b-it,bf16,resident,16384,1566.1,180.0,34
google/gemma-3-4b-it,bf16,resident,32768,3193.494,180.0,34
google/gemma-3-4b-it,bf16,ssd,128,1177.742,180.0,34
google/gemma-3-4b-it,bf16,ssd,256,1261.993,180.0,34
google/gemma-3-4b-it,bf16,ssd,512,1223.386,180.0,34
google/gemma-3-4b-it,bf16,ssd,1024,1265.527,180.0,34
google/gemma-3-4b-it,bf16,ssd,2048,1258.441,180.0,34
google/gemma-3-4b-it,bf16,ssd,4096,1337.848,180.0,34
google/gemma-3-4b-it,bf16,ssd,8192,1400.599,180.0,34
google/gemma-3-4b-it,bf16,ssd,16384,1684.688,180.0,34
google/gemma-3-4b-it,bf16,ssd,32768,3348.811,180.0,34
google/gemma-3-4b-it,nvfp4,resident,128,12.998,50.6,34
google/gemma-3-4b-it,nvfp4,resident,256,15.748,50.6,34
google/gemma-3-4b-it,nvfp4,resident,512,24.31,50.6,34
google/gemma-3-4b-it,nvfp4,resident,1024,43.236,50.6,34
google/gemma-3-4b-it,nvfp4,resident,2048,90.501,50.6,34
google/gemma-3-4b-it,nvfp4,resident,4096,207.138,50.6,34
google/gemma-3-4b-it,nvfp4,resident,8192,416.9,50.6,34
google/gemma-3-4b-it,nvfp4,resident,16384,1088.921,50.6,34
google/gemma-3-4b-it,nvfp4,resident,32768,2224.993,50.6,34
google/gemma-3-4b-it,nvfp4,ssd,128,432.551,50.6,34
google/gemma-3-4b-it,nvfp4,ssd,256,431.606,50.6,34
google/gemma-3-4b-it,nvfp4,ssd,512,442.374,50.6,34
google/gemma-3-4b-it,nvfp4,ssd,1024,436.641,50.6,34
google/gemma-3-4b-it,nvfp4,ssd,2048,448.77,50.6,34
google/gemma-3-4b-it,nvfp4,ssd,4096,477.339,50.6,34
google/gemma-3-4b-it,nvfp4,ssd,8192,559.333,50.6,34
google/gemma-3-4b-it,nvfp4,ssd,16384,1168.777,50.6,34
google/gemma-3-4b-it,nvfp4,ssd,32768,2348.93,50.6,34
google/gemma-3-12b-it,bf16,resident,128,113.943,427.5,48
google/gemma-3-12b-it,bf16,resident,256,127.072,427.5,48
google/gemma-3-12b-it,bf16,resident,512,161.061,427.5,48
google/gemma-3-12b-it,bf16,resident,1024,317.768,427.5,48
google/gemma-3-12b-it,bf16,resident,2048,635.824,427.5,48
google/gemma-3-12b-it,bf16,resident,4096,1163.643,427.5,48
google/gemma-3-12b-it,bf16,resident,8192,2295.686,427.5,48
google/gemma-3-12b-it,bf16,resident,16384,4622.984,427.5,48
google/gemma-3-12b-it,bf16,resident,32768,9589.005,427.5,48
google/gemma-3-12b-it,bf16,ssd,128,3793.788,427.5,48
google/gemma-3-12b-it,bf16,ssd,256,3819.785,427.5,48
google/gemma-3-12b-it,bf16,ssd,512,3754.473,427.5,48
google/gemma-3-12b-it,bf16,ssd,1024,3890.968,427.5,48
google/gemma-3-12b-it,bf16,ssd,2048,3905.58,427.5,48
google/gemma-3-12b-it,bf16,ssd,4096,4008.509,427.5,48
google/gemma-3-12b-it,bf16,ssd,8192,4166.172,427.5,48
google/gemma-3-12b-it,bf16,ssd,16384,5115.405,427.5,48
google/gemma-3-12b-it,bf16,ssd,32768,10064.653,427.5,48
google/gemma-3-12b-it,nvfp4,resident,128,38.776,120.3,48
google/gemma-3-12b-it,nvfp4,resident,256,50.622,120.3,48
google/gemma-3-12b-it,nvfp4,resident,512,66.027,120.3,48
google/gemma-3-12b-it,nvfp4,resident,1024,113.527,120.3,48
google/gemma-3-12b-it,nvfp4,resident,2048,236.468,120.3,48
google/gemma-3-12b-it,nvfp4,resident,4096,526.536,120.3,48
google/gemma-3-12b-it,nvfp4,resident,8192,1421.36,120.3,48
google/gemma-3-12b-it,nvfp4,resident,16384,2960.91,120.3,48
google/gemma-3-12b-it,nvfp4,resident,32768,6048.634,120.3,48
google/gemma-3-12b-it,nvfp4,ssd,128,1198.551,120.3,48
google/gemma-3-12b-it,nvfp4,ssd,256,1230.696,120.3,48
google/gemma-3-12b-it,nvfp4,ssd,512,1269.574,120.3,48
google/gemma-3-12b-it,nvfp4,ssd,1024,1245.607,120.3,48
google/gemma-3-12b-it,nvfp4,ssd,2048,1294.06,120.3,48
google/gemma-3-12b-it,nvfp4,ssd,4096,1352.003,120.3,48
google/gemma-3-12b-it,nvfp4,ssd,8192,1714.127,120.3,48
google/gemma-3-12b-it,nvfp4,ssd,16384,3068.898,120.3,48
google/gemma-3-12b-it,nvfp4,ssd,32768,6366.777,120.3,48
Qwen/Qwen3-0.6B,bf16,resident,128,5.441,30.0,28
Qwen/Qwen3-0.6B,bf16,resident,256,6.328,30.0,28
Qwen/Qwen3-0.6B,bf16,resident,512,8.654,30.0,28
Qwen/Qwen3-0.6B,bf16,resident,1024,16.903,30.0,28
Qwen/Qwen3-0.6B,bf16,resident,2048,38.899,30.0,28
Qwen/Qwen3-0.6B,bf16,resident,4096,89.234,30.0,28
Qwen/Qwen3-0.6B,bf16,resident,8192,236.278,30.0,28
Qwen/Qwen3-0.6B,bf16,resident,16384,627.963,30.0,28
Qwen/Qwen3-0.6B,bf16,resident,32768,1969.467,30.0,28
Qwen/Qwen3-0.6B,bf16,ssd,128,237.601,30.0,28
Qwen/Qwen3-0.6B,bf16,ssd,256,225.876,30.0,28
Qwen/Qwen3-0.6B,bf16,ssd,512,236.365,30.0,28
Qwen/Qwen3-0.6B,bf16,ssd,1024,232.206,30.0,28
Qwen/Qwen3-0.6B,bf16,ssd,2048,238.321,30.0,28
Qwen/Qwen3-0.6B,bf16,ssd,4096,247.908,30.0,28
Qwen/Qwen3-0.6B,bf16,ssd,8192,256.668,30.0,28
Qwen/Qwen3-0.6B,bf16,ssd,16384,653.257,30.0,28
Qwen/Qwen3-0.6B,bf16,ssd,32768,1986.94,30.0,28
Qwen/Qwen3-0.6B,nvfp4,resident,128,2.712,8.4,28
Qwen/Qwen3-0.6B,nvfp4,resident,256,3.246,8.4,28
Qwen/Qwen3-0.6B,nvfp4,resident,512,5.313,8.4,28
Qwen/Qwen3-0.6B,nvfp4,resident,1024,11.68,8.4,28
Qwen/Qwen3-0.6B,nvfp4,resident,2048,28.35,8.4,28
Qwen/Qwen3-0.6B,nvfp4,resident,4096,71.06,8.4,28
Qwen/Qwen3-0.6B,nvfp4,resident,8192,185.928,8.4,28
Qwen/Qwen3-0.6B,nvfp4,resident,16384,551.303,8.4,28
Qwen/Qwen3-0.6B,nvfp4,resident,32768,1818.722,8.4,28
Qwen/Qwen3-0.6B,nvfp4,ssd,128,110.862,8.4,28
Qwen/Qwen3-0.6B,nvfp4,ssd,256,107.069,8.4,28
Qwen/Qwen3-0.6B,nvfp4,ssd,512,111.238,8.4,28
Qwen/Qwen3-0.6B,nvfp4,ssd,1024,108.696,8.4,28
Qwen/Qwen3-0.6B,nvfp4,ssd,2048,113.161,8.4,28
Qwen/Qwen3-0.6B,nvfp4,ssd,4096,119.646,8.4,28
Qwen/Qwen3-0.6B,nvfp4,ssd,8192,194.753,8.4,28
Qwen/Qwen3-0.6B,nvfp4,ssd,16384,563.618,8.4,28
Qwen/Qwen3-0.6B,nvfp4,ssd,32768,1846.223,8.4,28
Qwen/Qwen3-1.7B,bf16,resident,128,15.447,96.0,28
Qwen/Qwen3-1.7B,bf16,resident,256,17.431,96.0,28
Qwen/Qwen3-1.7B,bf16,resident,512,24.077,96.0,28
Qwen/Qwen3-1.7B,bf16,resident,1024,43.461,96.0,28
Qwen/Qwen3-1.7B,bf16,resident,2048,93.727,96.0,28
Qwen/Qwen3-1.7B,bf16,resident,4096,195.762,96.0,28
Qwen/Qwen3-1.7B,bf16,resident,8192,446.016,96.0,28
Qwen/Qwen3-1.7B,bf16,resident,16384,1043.253,96.0,28
Qwen/Qwen3-1.7B,bf16,resident,32768,2823.879,96.0,28
Qwen/Qwen3-1.7B,bf16,ssd,128,558.141,96.0,28
Qwen/Qwen3-1.7B,bf16,ssd,256,546.804,96.0,28
Qwen/Qwen3-1.7B,bf16,ssd,512,551.622,96.0,28
Qwen/Qwen3-1.7B,bf16,ssd,1024,557.606,96.0,28
Qwen/Qwen3-1.7B,bf16,ssd,2048,572.28,96.0,28
Qwen/Qwen3-1.7B,bf16,ssd,4096,563.362,96.0,28
Qwen/Qwen3-1.7B,bf16,ssd,8192,643.183,96.0,28
Qwen/Qwen3-1.7B,bf16,ssd,16384,1085.417,96.0,28
Qwen/Qwen3-1.7B,bf16,ssd,32768,2833.128,96.0,28
Qwen/Qwen3-1.7B,nvfp4,resident,128,5.89,27.0,28
Qwen/Qwen3-1.7B,nvfp4,resident,256,6.92,27.0,28
Qwen/Qwen3-1.7B,nvfp4,resident,512,10.409,27.0,28
Qwen/Qwen3-1.7B,nvfp4,resident,1024,23.188,27.0,28
Qwen/Qwen3-1.7B,nvfp4,resident,2048,50.73,27.0,28
Qwen/Qwen3-1.7B,nvfp4,resident,4096,120.779,27.0,28
Qwen/Qwen3-1.7B,nvfp4,resident,8192,284.469,27.0,28
Qwen/Qwen3-1.7B,nvfp4,resident,16384,896.719,27.0,28
Qwen/Qwen3-1.7B,nvfp4,resident,32768,2301.807,27.0,28
Qwen/Qwen3-1.7B,nvfp4,ssd,128,228.264,27.0,28
Qwen/Qwen3-1.7B,nvfp4,ssd,256,218.354,27.0,28
Qwen/Qwen3-1.7B,nvfp4,ssd,512,224.712,27.0,28
Qwen/Qwen3-1.7B,nvfp4,ssd,1024,221.008,27.0,28
Qwen/Qwen3-1.7B,nvfp4,ssd,2048,226.973,27.0,28
Qwen/Qwen3-1.7B,nvfp4,ssd,4096,247.061,27.0,28
Qwen/Qwen3-1.7B,nvfp4,ssd,8192,307.265,27.0,28
Qwen/Qwen3-1.7B,nvfp4,ssd,16384,929.064,27.0,28
Qwen/Qwen3-1.7B,nvfp4,ssd,32768,2360.943,27.0,28
Qwen/Qwen3-4B,bf16,resident,128,38.93,192.5,36
Qwen/Qwen3-4B,bf16,resident,256,42.635,192.5,36
Qwen/Qwen3-4B,bf16,resident,512,57.949,192.5,36
Qwen/Qwen3-4B,bf16,resident,1024,105.791,192.5,36
Qwen/Qwen3-4B,bf16,resident,2048,229.798,192.5,36
Qwen/Qwen3-4B,bf16,resident,4096,484.532,192.5,36
Qwen/Qwen3-4B,bf16,resident,8192,1036.344,192.5,36
Qwen/Qwen3-4B,bf16,resident,16384,2547.123,192.5,36
Qwen/Qwen3-4B,bf16,resident,32768,6843.131,192.5,36
Qwen/Qwen3-4B,bf16,ssd,128,1377.307,192.5,36
Qwen/Qwen3-4B,bf16,ssd,256,1388.291,192.5,36
Qwen/Qwen3-4B,bf16,ssd,512,1409.626,192.5,36
Qwen/Qwen3-4B,bf16,ssd,1024,1420.693,192.5,36
Qwen/Qwen3-4B,bf16,ssd,2048,1474.252,192.5,36
Qwen/Qwen3-4B,bf16,ssd,4096,1521.717,192.5,36
Qwen/Qwen3-4B,bf16,ssd,8192,1588.141,192.5,36
Qwen/Qwen3-4B,bf16,ssd,16384,2619.445,192.5,36
Qwen/Qwen3-4B,bf16,ssd,32768,6958.813,192.5,36
Qwen/Qwen3-4B,nvfp4,resident,128,13.618,54.2,36
Qwen/Qwen3-4B,nvfp4,resident,256,16.621,54.2,36
Qwen/Qwen3-4B,nvfp4,resident,512,24.604,54.2,36
Qwen/Qwen3-4B,nvfp4,resident,1024,49.953,54.2,36
Qwen/Qwen3-4B,nvfp4,resident,2048,113.32,54.2,36
Qwen/Qwen3-4B,nvfp4,resident,4096,277.344,54.2,36
Qwen/Qwen3-4B,nvfp4,resident,8192,658.389,54.2,36
Qwen/Qwen3-4B,nvfp4,resident,16384,1960.72,54.2,36
Qwen/Qwen3-4B,nvfp4,resident,32768,6258.817,54.2,36
Qwen/Qwen3-4B,nvfp4,ssd,128,459.216,54.2,36
Qwen/Qwen3-4B,nvfp4,ssd,256,464.623,54.2,36
Qwen/Qwen3-4B,nvfp4,ssd,512,479.533,54.2,36
Qwen/Qwen3-4B,nvfp4,ssd,1024,482.21,54.2,36
Qwen/Qwen3-4B,nvfp4,ssd,2048,467.81,54.2,36
Qwen/Qwen3-4B,nvfp4,ssd,4096,534.931,54.2,36
Qwen/Qwen3-4B,nvfp4,ssd,8192,724.064,54.2,36
Qwen/Qwen3-4B,nvfp4,ssd,16384,2012.938,54.2,36
Qwen/Qwen3-4B,nvfp4,ssd,32768,6504.199,54.2,36
Qwen/Qwen3-8B,bf16,resident,128,84.173,368.0,36
Qwen/Qwen3-8B,bf16,resident,256,100.238,368.0,36
Qwen/Qwen3-8B,bf16,resident,512,121.587,368.0,36
Qwen/Qwen3-8B,bf16,resident,1024,229.536,368.0,36
Qwen/Qwen3-8B,bf16,resident,2048,442.401,368.0,36
Qwen/Qwen3-8B,bf16,resident,4096,890.033,368.0,36
Qwen/Qwen3-8B,bf16,resident,8192,1849.837,368.0,36
Qwen/Qwen3-8B,bf16,resident,16384,4184.937,368.0,36
Qwen/Qwen3-8B,bf16,resident,32768,9825.561,368.0,36
Qwen/Qwen3-8B,bf16,ssd,128,2553.815,368.0,36
Qwen/Qwen3-8B,bf16,ssd,256,2531.184,368.0,36
Qwen/Qwen3-8B,bf16,ssd,512,2520.826,368.0,36
Qwen/Qwen3-8B,bf16,ssd,1024,2594.315,368.0,36
Qwen/Qwen3-8B,bf16,ssd,2048,2679.85,368.0,36
Qwen/Qwen3-8B,bf16,ssd,4096,2674.486,368.0,36
Qwen/Qwen3-8B,bf16,ssd,8192,2872.377,368.0,36
Qwen/Qwen3-8B,bf16,ssd,16384,4061.816,368.0,36
Qwen/Qwen3-8B,bf16,ssd,32768,9742.675,368.0,36
Qwen/Qwen3-8B,nvfp4,resident,128,23.869,103.5,36
Qwen/Qwen3-8B,nvfp4,resident,256,28.899,103.5,36
Qwen/Qwen3-8B,nvfp4,resident,512,41.674,103.5,36
Qwen/Qwen3-8B,nvfp4,resident,1024,72.758,103.5,36
Qwen/Qwen3-8B,nvfp4,resident,2048,164.461,103.5,36
Qwen/Qwen3-8B,nvfp4,resident,4096,383.829,103.5,36
Qwen/Qwen3-8B,nvfp4,resident,8192,1120.844,103.5,36
Qwen/Qwen3-8B,nvfp4,resident,16384,2778.12,103.5,36
Qwen/Qwen3-8B,nvfp4,resident,32768,7536.601,103.5,36
Qwen/Qwen3-8B,nvfp4,ssd,128,806.676,103.5,36
Qwen/Qwen3-8B,nvfp4,ssd,256,790.093,103.5,36
Qwen/Qwen3-8B,nvfp4,ssd,512,806.372,103.5,36
Qwen/Qwen3-8B,nvfp4,ssd,1024,797.093,103.5,36
Qwen/Qwen3-8B,nvfp4,ssd,2048,829.099,103.5,36
Qwen/Qwen3-8B,nvfp4,ssd,4096,879.405,103.5,36
Qwen/Qwen3-8B,nvfp4,ssd,8192,1288.212,103.5,36
Qwen/Qwen3-8B,nvfp4,ssd,16384,2892.827,103.5,36
Qwen/Qwen3-8B,nvfp4,ssd,32768,8030.331,103.5,36
